Total Size,u-ch427-n1280-x,0GB,8
Total Size,u-ch427-n216-paper-v2-01,0GB,8
Total Size,u-ch427-n216-paper-v2-02,0GB,8
Total Size,u-ch427-n216-paper-v2-03,0GB,8
Total Size,u-ch427-n216-paper-v2-03-2,29GB,30804704
Total Size,u-ch427-n216-paper-v2-04,0GB,8
Total Size,u-ch427-n216-paper-v2-04-2,29GB,30804704
Total Size,u-ch427-n216-paper-v2-05,0GB,8
Total Size,u-ch427-n216-paper-v2-06,0GB,8
Total Size,u-ch427-n216-paper-v2-07,0GB,8
Total Size,u-ch427-n216-paper-v2-08,0GB,8
Total Size,u-ch427-n216-paper-v2-09,0GB,8
Total Size,u-ch427-n216-paper-v2-10,29GB,30804704
Total Size,u-ch427-n216-paper-v2-11,29GB,30804704
Total Size,u-ch427-n216-paper-v2-12,29GB,30804704
Total Size,u-ch427-n216-paper-v2-13,29GB,30804704
Total Size,u-ch427-n216-paper-v2-14,29GB,30804704
Total Size,u-ch427-n216-paper-v2-15,29GB,30804704
Total Size,u-ch427-n216-paper-v2-16,29GB,30804704
Total Size,u-ch427-n216-paper-v2-17,29GB,30804704
Total Size,u-ch427-n216-paper-v2-18,29GB,30804704
Total Size,u-ch427-n216-paper-v2-19,29GB,30804704
Total Size,u-ch427-n216-paper-v2-20,0GB,8
Total Size,u-ch427-n216-paper-v2-21,0GB,8
Total Size,u-ch427-n216-paper-v2-22,0GB,8
Total Size,u-ch427-n216-paper-v2-23,0GB,8
Total Size,u-ch427-n216-paper-v2-24,0GB,8
Total Size,u-ch427-n216-paper-v2-25,0GB,8
Total Size,u-ch427-n216-paper-v2-26,0GB,8
Total Size,u-ch427-n216-paper-v2-27,0GB,8
Total Size,u-ch427-n216-paper-v2-28,0GB,8
Total Size,u-ch427-n216-paper-v2-29,0GB,8
Total Size,u-ch427-n216-paper-v2-30,0GB,8
Total Size,u-ch427-n216-paper-v2-31,0GB,8
Total Size,u-ch427-n216-paper-v2-32,29GB,30804704
Total Size,u-ch427-n216-paper-v2-33,0GB,8
Total Size,u-ch427-n216-paper-v2-34,0GB,8
Total Size,u-ch427-n216-paper-v2-35,29GB,30804704
Total Size,u-ch427-n216-paper-v2-36,29GB,30804704
Total Size,u-ch427-n216-paper-v2-37,0GB,8
Total Size,u-ch427-n216-paper-v2-37-2,29GB,30804704
Total Size,u-ch427-n216-paper-v2-38,0GB,8
Total Size,u-ch427-n216-paper-v2-39,29GB,30804704
Total Size,u-ch427-n216-paper-v2-40,0GB,8
Total Size,u-ch427-n216-paper-v2-41,29GB,30804704
Total Size,u-ch427-n216-paper-v2-42,29GB,30804704
Total Size,u-ch427-n216-paper-v2-43,0GB,8
Total Size,u-ch427-n216-paper-v2-44,29GB,30804704
Total Size,u-ch427-n216-paper-v2-45,29GB,30804704
Total Size,u-ch427-n216-paper-v2-46,29GB,30804704
Total Size,u-ch427-n216-paper-v2-47,29GB,30804704
Total Size,u-ch427-n216-paper-v2-48,29GB,30804704
Total Size,u-ch427-n216-paper-v2-49,0GB,8
Total Size,u-ch427-n216-paper-v2-50,0GB,8
Total Size,u-ch427-n216-paper-v2-51,0GB,8
Total Size,u-ch427-n216-paper-v2-52,0GB,8
Total Size,u-ch427-n216-paper-v2-53,0GB,8
Total Size,u-ch427-n216-paper-v2-54,0GB,8
Total Size,u-ch427-n216-paper-v2-55,0GB,8
Total Size,u-ch427-n216-paper-v2-56,29GB,30804704
Total Size,u-ch427-n216-paper-v2-57,0GB,8
Total Size,u-ch427-n216-paper-v2-58,29GB,30804704
Total Size,u-ch427-n216-paper-v2-59,0GB,8
Total Size,u-ch427-n216-paper-v2-60,29GB,30804704
Total Size,u-ch427-n216-paper-v2-61,29GB,30804704
Total Size,u-ch427-n216-paper-v2-62,0GB,8
Total Size,u-ch427-n216-paper-v2-63,29GB,30804704
Total Size,u-ch427-n216-paper-v2-64,29GB,30804704
Total Size,u-ch427-n216-paper-v2-66,29GB,30804704
Total Size,u-ch427-n216-paper-v2-67,29GB,30804704
Total Size,u-ch427-n216-paper-v2-68,29GB,30804704
Total Size,u-ch427-n216-paper-v2-69,29GB,30804704
Total Size,u-ch427-n216-paper-v2-70,29GB,30804704
Total Size,u-ch427-n216-start-paper-00,0GB,8
Total Size,u-ch427-n216-start-paper-01,0GB,8
Total Size,u-ch427-n216-start-paper-02,0GB,8
Total Size,u-ch427-n216-start-paper-03,0GB,8
Total Size,u-ch427-n216-start-paper-04,0GB,8
Total Size,u-ch427-n216-start-paper-05,0GB,8
Total Size,u-ch427-n216-start-paper-06,0GB,8
Total Size,u-ch427-n216-start-paper-07,0GB,8
Total Size,u-ch427-n216-start-paper-08,0GB,8
Total Size,u-ch427-n216-start-paper-09,0GB,8
Total Size,u-ch427-n216-start-paper-10,0GB,8
Total Size,u-ch427-n216-start-paper-10of-v2-ens10,29GB,30799696
Total Size,u-ch427-n216-start-paper-10of-v2-ens20,29GB,30799696
Total Size,u-ch427-n216-start-paper-10of-v2-ens30,29GB,30799696
Total Size,u-ch427-n216-start-paper-10of-v2-ens40,29GB,30799696
Total Size,u-ch427-n216-start-paper-10of-v2-ens50,29GB,30799696
Total Size,u-ch427-n216-start-paper-10of-v2-ens60,0GB,8
Total Size,u-ch427-n216-start-paper-11,0GB,8
Total Size,u-ch427-n216-start-paper-12,0GB,8
Total Size,u-ch427-n216-start-paper-13,0GB,8
Total Size,u-ch427-n216-start-paper-14,0GB,8
Total Size,u-ch427-n216-start-paper-15,0GB,8
Total Size,u-ch427-n216-start-paper-16,0GB,8
Total Size,u-ch427-n216-start-paper-17,0GB,8
Total Size,u-ch427-n216-start-paper-18,0GB,8
Total Size,u-ch427-n216-start-paper-19,0GB,8
Total Size,u-ch427-n216-start-paper-20,0GB,8
Total Size,u-ch427-n216-start-paper-21,0GB,8
Total Size,u-ch427-n216-start-paper-22,0GB,8
Total Size,u-ch427-n216-start-paper-23,0GB,8
Total Size,u-ch427-n216-start-paper-24,0GB,8
Total Size,u-ch427-n216-start-paper-25,0GB,8
Total Size,u-ch427-n216-start-paper-26,0GB,8
Total Size,u-ch427-n216-start-paper-27,0GB,8
Total Size,u-ch427-n216-start-paper-28,0GB,8
Total Size,u-ch427-n216-start-paper-29,0GB,8
Total Size,u-ch427-n216-start-paper-30,0GB,8
Total Size,u-ch427-n216-start-paper-30-042-02,29GB,30813448
Total Size,u-ch427-n216-start-paper-30-084-02,29GB,30827384
Total Size,u-ch427-n216-start-paper-30-126-02,29GB,30841208
Total Size,u-ch427-n216-start-paper-30-168-02,29GB,30855232
Total Size,u-ch427-n216-start-paper-30-210-02,29GB,30868656
Total Size,u-ch427-n216-start-paper-30-252-02,29GB,30882108
Total Size,u-ch427-n216-start-paper-30-294-02,29GB,30895548
Total Size,u-ch427-n216-start-paper-30-336-02,29GB,30905268
Total Size,u-ch427-n216-start-paper-30-378-02,29GB,30905264
Total Size,u-ch427-n216-start-paper-30-420-02,29GB,30905276
Total Size,u-ch427-n216-start-paper-30-462-02,29GB,30905264
Total Size,u-ch427-n216-start-paper-30-504-02,29GB,30905264
Total Size,u-ch427-n216-start-paper-30-546-02,29GB,30905276
Total Size,u-ch427-n216-start-paper-30-588-02,29GB,30905288
Total Size,u-ch427-n216-start-paper-30-630-02,29GB,30905264
Total Size,u-ch427-n216-start-paper-30-672-02,29GB,30905264
Total Size,u-ch427-n216-start-paper-30-714-02,29GB,30905264
Total Size,u-ch427-n216-start-paper-30-756-02,29GB,30905264
Total Size,u-ch427-n216-start-paper-30-798-02,29GB,30905264
Total Size,u-ch427-n216-start-paper-30-840-02,29GB,30905280
Total Size,u-ch427-n216-start-paper-30-882-02,29GB,30905264
Total Size,u-ch427-n216-start-paper-30-924-02,29GB,30905272
Total Size,u-ch427-n216-start-paper-40,0GB,8
Total Size,u-ch427-n216-start-paper-50,0GB,8
Total Size,u-ch427-n216-start-paper-60,0GB,8
Total Size,u-ch427-n216-start-paper-60-042-02,29GB,30813448
Total Size,u-ch427-n216-start-paper-60-084-02,29GB,30827388
Total Size,u-ch427-n216-start-paper-60-126-02,29GB,30841200
Total Size,u-ch427-n216-start-paper-60-168-02,29GB,30855224
Total Size,u-ch427-n216-start-paper-60-no-io,0GB,8
Total Size,u-ch427-n216-start-paper-60-no-io-no-files,0GB,8
Total Size,u-ch427-n216-start-paper-70,0GB,8
Total Size,u-ch427-n216-start-paper-ms-00,0GB,8
Total Size,u-ch427-n216-start-paper-ms-x0-prec-00,0GB,8
Total Size,u-ch427-n216-start-paper-ms-x0-prec-01,0GB,8
Total Size,u-ch427-n216-start-paper-ms-x0-prec-02,0GB,8
Total Size,u-ch427-n216-start-paper-ms-x0-prec-03,0GB,8
Total Size,u-ch427-n216-start-paper-ms-x0-prec-04,0GB,8
Total Size,u-ch427-n216-start-paper-ms-x0-prec-05,0GB,8
Total Size,u-ch427-n216-start-paper-ms-x0-prec-06,0GB,8
Total Size,u-ch427-n216-start-paper-ms-x0-prec-07,0GB,8
Total Size,u-ch427-n216-start-paper-ms-x0-prec-08,0GB,8
Total Size,u-ch427-n216-start-paper-ms-x0-prec-09,0GB,8
Total Size,u-ch427-n216-start-paper-ms-x0-prec-10,0GB,8
Total Size,u-ch427-n216-start-paper-ms-x0-prec-20,0GB,8
Total Size,u-ch427-n216-start-paper-ms-x0-prec-30,0GB,8
Total Size,u-ch427-n216-start-paper-ms-x0-prec-40,0GB,8
Total Size,u-ch427-n216-start-paper-ms-x0-prec-50,0GB,8
Total Size,u-ch427-n216-start-paper-ms-x0-prec-60,0GB,8
Total Size,u-ch427-n216-start-paper-ms-x0-prec-70,0GB,8
Total Size,u-ch427-n216-start-paper-prec-00,0GB,8
Total Size,u-ch427-n216-start-paper-v2-ens10,29GB,30804704
Total Size,u-ch427-n216-start-paper-v2-ens20,29GB,30804704
Total Size,u-ch427-n216-start-paper-v2-ens30,29GB,30804704
Total Size,u-ch427-n216-start-paper-v2-ens40,29GB,30804704
Total Size,u-ch427-n216-start-paper-v2-ens50,29GB,30804704
Total Size,u-ch427-n216-start-paper-v2-ens60,29GB,30804704
Total Size,u-ch427-n216-start-paper-x0-00,0GB,8
Total Size,u-ch427-n216-start-paper-x0-01,0GB,8
Total Size,u-ch427-n216-start-paper-x0-02,0GB,8
Total Size,u-ch427-n216-start-paper-x0-03,0GB,8
Total Size,u-ch427-n216-start-paper-x0-04,0GB,8
Total Size,u-ch427-n216-start-paper-x0-05,0GB,8
Total Size,u-ch427-n216-start-paper-x0-06,0GB,8
Total Size,u-ch427-n216-start-paper-x0-07,0GB,8
Total Size,u-ch427-n216-start-paper-x0-08,0GB,8
Total Size,u-ch427-n216-start-paper-x0-09,0GB,8
Total Size,u-ch427-n216-start-paper-x0-10,0GB,8
Total Size,u-ch427-n216-start-paper-x0-20,0GB,8
Total Size,u-ch427-n216-start-paper-x0-21,0GB,8
Total Size,u-ch427-n216-start-paper-x0-25,0GB,8
Total Size,u-ch427-n216-start-paper-x0-30,0GB,8
Total Size,u-ch427-n216-start-paper-x0-40,0GB,8
Total Size,u-ch427-n216-start-paper-x0-50,0GB,8
Total Size,u-ch427-n216-start-paper-x0-60,0GB,8
Total Size,u-ch427-n216-start-paper-x0-70,0GB,8
Total Size,u-ch427-n216-start-paper-x0-prec-00,0GB,8
Total Size,u-ch427-n216-template-start-00,0GB,8
Total Size,u-ch427-n216-template-start-all,0GB,8
Total Size,u-ch427-n216-template-start-all2,0GB,8
Total Size,u-ch427-n216-template-start-paper,0GB,8
Total Size,u-ch427-n216-template-start-paper-00,0GB,8
Total Size,u-ch427-n216-template-start-paper-ms,0GB,8
Total Size,u-ch427-n216-template-start-paper-ms-00,0GB,8
Total Size,u-ch427-n216-template-start-paper-ms-x0-prec,0GB,8
Total Size,u-ch427-n216-template-start-paper-ms-x0-prec-00,0GB,8
Total Size,u-ch427-n216-template-start-paper-prec,0GB,8
Total Size,u-ch427-n216-template-start-paper-prec-00,0GB,8
Total Size,u-ch427-n216-template-start-paper-x0,0GB,8
Total Size,u-ch427-n216-template-start-paper-x0-00,0GB,8
Total Size,u-ch427-n216-template-start-paper-x0-prec,0GB,8
Total Size,u-ch427-n216-template-start-paper-x0-prec-00,0GB,8
Total Size,u-ch427-n216-template-start-paper-x5,0GB,8
Total Size,u-ch427-n216-template-start-paper-x5-00,0GB,8
Total Size,u-ch427-n216-xml-data,0GB,8800
Total Size,u-ch427-n512-paper-v2-01,0GB,8
Total Size,u-ch427-n512-paper-v2-02,0GB,8
Total Size,u-ch427-n512-paper-v2-03,0GB,8
Total Size,u-ch427-n512-paper-v2-04,0GB,8
Total Size,u-ch427-n512-paper-v2-05,0GB,8
Total Size,u-ch427-n512-paper-v2-06,0GB,8
Total Size,u-ch427-n512-paper-v2-07,0GB,8
Total Size,u-ch427-n512-paper-v2-08,0GB,8
Total Size,u-ch427-n512-paper-v2-09,0GB,8
Total Size,u-ch427-n512-paper-v2-10,0GB,8
Total Size,u-ch427-n512-paper-v2-11,0GB,8
Total Size,u-ch427-n512-paper-v2-12,0GB,8
Total Size,u-ch427-n512-paper-v2-13,0GB,8
Total Size,u-ch427-n512-paper-v2-14,0GB,8
Total Size,u-ch427-n512-paper-v2-15,0GB,8
Total Size,u-ch427-n512-paper-v2-16,0GB,8
Total Size,u-ch427-n512-paper-v2-17,0GB,8
Total Size,u-ch427-n512-paper-v2-18,0GB,8
Total Size,u-ch427-n512-paper-v2-19,0GB,8
Total Size,u-ch427-n512-paper-v2-20,0GB,8
Total Size,u-ch427-n512-paper-v2-21,0GB,8
Total Size,u-ch427-n512-paper-v2-22,0GB,8
Total Size,u-ch427-n512-paper-v2-23,0GB,8
Total Size,u-ch427-n512-paper-v2-24,0GB,8
Total Size,u-ch427-n512-paper-v2-25,0GB,8
Total Size,u-ch427-n512-paper-v2-26,0GB,8
Total Size,u-ch427-n512-paper-v2-27,0GB,8
Total Size,u-ch427-n512-paper-v2-28,0GB,8
Total Size,u-ch427-n512-paper-v2-29,0GB,8
Total Size,u-ch427-n512-paper-v2-30,0GB,8
Total Size,u-ch427-n512-start-paper-00,0GB,8
Total Size,u-ch427-n512-start-paper-01,0GB,8
Total Size,u-ch427-n512-start-paper-02,0GB,8
Total Size,u-ch427-n512-start-paper-03,0GB,8
Total Size,u-ch427-n512-start-paper-04,0GB,8
Total Size,u-ch427-n512-start-paper-05,0GB,8
Total Size,u-ch427-n512-start-paper-06,0GB,8
Total Size,u-ch427-n512-start-paper-07,0GB,8
Total Size,u-ch427-n512-start-paper-08,0GB,8
Total Size,u-ch427-n512-start-paper-09,0GB,8
Total Size,u-ch427-n512-start-paper-10,0GB,8
Total Size,u-ch427-n512-start-paper-10of-ens10,0GB,8
Total Size,u-ch427-n512-start-paper-10of-ens20,0GB,8
Total Size,u-ch427-n512-start-paper-10of-ens30,0GB,8
Total Size,u-ch427-n512-start-paper-10of-v2-10,165GB,173044804
Total Size,u-ch427-n512-start-paper-10of-v2-20,165GB,173044804
Total Size,u-ch427-n512-start-paper-10of-v2-30,165GB,173044804
Total Size,u-ch427-n512-start-paper-10of-v2-ens10,165GB,173044800
Total Size,u-ch427-n512-start-paper-10of-v2-ens20,165GB,173044804
Total Size,u-ch427-n512-start-paper-10of-v2-ens30,165GB,173044788
Total Size,u-ch427-n512-start-paper-11,0GB,8
Total Size,u-ch427-n512-start-paper-12,0GB,8
Total Size,u-ch427-n512-start-paper-13,0GB,8
Total Size,u-ch427-n512-start-paper-14,0GB,8
Total Size,u-ch427-n512-start-paper-15,0GB,8
Total Size,u-ch427-n512-start-paper-16,0GB,8
Total Size,u-ch427-n512-start-paper-17,0GB,8
Total Size,u-ch427-n512-start-paper-18,0GB,8
Total Size,u-ch427-n512-start-paper-19,0GB,8
Total Size,u-ch427-n512-start-paper-20,0GB,8
Total Size,u-ch427-n512-start-paper-21,0GB,8
Total Size,u-ch427-n512-start-paper-22,0GB,8
Total Size,u-ch427-n512-start-paper-23,0GB,8
Total Size,u-ch427-n512-start-paper-24,0GB,8
Total Size,u-ch427-n512-start-paper-25,0GB,8
Total Size,u-ch427-n512-start-paper-26,0GB,8
Total Size,u-ch427-n512-start-paper-27,0GB,8
Total Size,u-ch427-n512-start-paper-28,0GB,8
Total Size,u-ch427-n512-start-paper-29,0GB,8
Total Size,u-ch427-n512-start-paper-30,0GB,8
Total Size,u-ch427-n512-start-paper-30-45-02,165GB,173059724
Total Size,u-ch427-n512-start-paper-30-90-02,165GB,173075024
Total Size,u-ch427-n512-start-paper-30-no-io,0GB,8
Total Size,u-ch427-n512-start-paper-30-no-io-no-files,0GB,8
Total Size,u-ch427-n512-start-paper-ms-00,0GB,8
Total Size,u-ch427-n512-start-paper-ms-x0-prec-00,0GB,8
Total Size,u-ch427-n512-start-paper-ms-x0-prec-01,0GB,8
Total Size,u-ch427-n512-start-paper-ms-x0-prec-02,0GB,8
Total Size,u-ch427-n512-start-paper-ms-x0-prec-03,0GB,8
Total Size,u-ch427-n512-start-paper-ms-x0-prec-04,0GB,8
Total Size,u-ch427-n512-start-paper-ms-x0-prec-05,0GB,8
Total Size,u-ch427-n512-start-paper-ms-x0-prec-06,0GB,8
Total Size,u-ch427-n512-start-paper-ms-x0-prec-07,0GB,8
Total Size,u-ch427-n512-start-paper-ms-x0-prec-08,0GB,8
Total Size,u-ch427-n512-start-paper-ms-x0-prec-09,0GB,8
Total Size,u-ch427-n512-start-paper-ms-x0-prec-10,0GB,8
Total Size,u-ch427-n512-start-paper-ms-x0-prec-20,0GB,8
Total Size,u-ch427-n512-start-paper-ms-x0-prec-30,0GB,8
Total Size,u-ch427-n512-start-paper-prec-00,0GB,8
Total Size,u-ch427-n512-start-paper-v2-10,165GB,173054624
Total Size,u-ch427-n512-start-paper-v2-20,165GB,173054624
Total Size,u-ch427-n512-start-paper-v2-30,165GB,173054624
Total Size,u-ch427-n512-start-paper-v2-30-1920-16,0GB,8
Total Size,u-ch427-n512-start-paper-v2-30-240-02,165GB,173126024
Total Size,u-ch427-n512-start-paper-v2-30-3840-32,0GB,8
Total Size,u-ch427-n512-start-paper-v2-30-480-04,0GB,8
Total Size,u-ch427-n512-start-paper-v2-30-7680-64,0GB,144460
Total Size,u-ch427-n512-start-paper-v2-30-960-08,0GB,8
Total Size,u-ch427-n512-start-paper-x0-00,0GB,8
Total Size,u-ch427-n512-start-paper-x0-01,0GB,8
Total Size,u-ch427-n512-start-paper-x0-02,0GB,8
Total Size,u-ch427-n512-start-paper-x0-03,0GB,8
Total Size,u-ch427-n512-start-paper-x0-04,0GB,8
Total Size,u-ch427-n512-start-paper-x0-05,0GB,8
Total Size,u-ch427-n512-start-paper-x0-06,0GB,8
Total Size,u-ch427-n512-start-paper-x0-07,0GB,8
Total Size,u-ch427-n512-start-paper-x0-08,0GB,8
Total Size,u-ch427-n512-start-paper-x0-09,0GB,8
Total Size,u-ch427-n512-start-paper-x0-10,0GB,8
Total Size,u-ch427-n512-start-paper-x0-11,0GB,8
Total Size,u-ch427-n512-start-paper-x0-20,0GB,8
Total Size,u-ch427-n512-start-paper-x0-30,0GB,8
Total Size,u-ch427-n512-start-paper-x0-prec-00,0GB,8
Total Size,u-ch427-n512-template-start-00,0GB,8
Total Size,u-ch427-n512-template-start-all,0GB,8
Total Size,u-ch427-n512-template-start-all2,0GB,8
Total Size,u-ch427-n512-template-start-paper,0GB,8
Total Size,u-ch427-n512-template-start-paper-00,0GB,8
Total Size,u-ch427-n512-template-start-paper-ms,0GB,8
Total Size,u-ch427-n512-template-start-paper-ms-00,0GB,8
Total Size,u-ch427-n512-template-start-paper-ms-x0-prec,0GB,8
Total Size,u-ch427-n512-template-start-paper-ms-x0-prec-00,0GB,8
Total Size,u-ch427-n512-template-start-paper-prec,0GB,8
Total Size,u-ch427-n512-template-start-paper-prec-00,0GB,8
Total Size,u-ch427-n512-template-start-paper-x0,0GB,8
Total Size,u-ch427-n512-template-start-paper-x0-00,0GB,8
Total Size,u-ch427-n512-template-start-paper-x0-prec,0GB,8
Total Size,u-ch427-n512-template-start-paper-x0-prec-00,0GB,8
Total Size,u-ch427-n512-template-start-paper-x5,0GB,8
Total Size,u-ch427-n512-template-start-paper-x5-00,0GB,8
Total Size,u-ch427-n512-xml-data,0GB,49208
Total Size,u-ch427-n96-start-paper-00,0GB,8
Total Size,u-ch427-n96-start-paper-01,0GB,8
Total Size,u-ch427-n96-start-paper-01-active,0GB,8
Total Size,u-ch427-n96-start-paper-01-ctlr,0GB,8
Total Size,u-ch427-n96-start-paper-01-mpi,0GB,8
Total Size,u-ch427-n96-start-paper-02,0GB,8
Total Size,u-ch427-n96-start-paper-03,0GB,8
Total Size,u-ch427-n96-start-paper-04,0GB,8
Total Size,u-ch427-n96-start-paper-05,0GB,8
Total Size,u-ch427-n96-start-paper-06,0GB,8
Total Size,u-ch427-n96-start-paper-07,0GB,8
Total Size,u-ch427-n96-start-paper-08,0GB,8
Total Size,u-ch427-n96-start-paper-09,0GB,8
Total Size,u-ch427-n96-start-paper-10,0GB,8
Total Size,u-ch427-n96-start-paper-100,0GB,8
Total Size,u-ch427-n96-start-paper-10-006-02,0GB,8
Total Size,u-ch427-n96-start-paper-10-006-04,0GB,8
Total Size,u-ch427-n96-start-paper-10-04-02,5GB,6085660
Total Size,u-ch427-n96-start-paper-10-06-02,0GB,8
Total Size,u-ch427-n96-start-paper-10-08-02,5GB,6086988
Total Size,u-ch427-n96-start-paper-100-active,0GB,8
Total Size,u-ch427-n96-start-paper-100-io,0GB,8
Total Size,u-ch427-n96-start-paper-100-io2,0GB,8
Total Size,u-ch427-n96-start-paper-100-no-io,0GB,8
Total Size,u-ch427-n96-start-paper-100-no-io-no-files,0GB,8
Total Size,u-ch427-n96-start-paper-101,0GB,8
Total Size,u-ch427-n96-start-paper-10-12-02,5GB,6088316
Total Size,u-ch427-n96-start-paper-10-16-02,5GB,6089608
Total Size,u-ch427-n96-start-paper-102,0GB,8
Total Size,u-ch427-n96-start-paper-10-20-02,5GB,6090924
Total Size,u-ch427-n96-start-paper-10-24-02,5GB,6092200
Total Size,u-ch427-n96-start-paper-10-28-02,5GB,6093540
Total Size,u-ch427-n96-start-paper-103,0GB,8
Total Size,u-ch427-n96-start-paper-10-32-02,5GB,6094848
Total Size,u-ch427-n96-start-paper-10-36-02,5GB,6096120
Total Size,u-ch427-n96-start-paper-104,0GB,8
Total Size,u-ch427-n96-start-paper-10-40-02,5GB,6097444
Total Size,u-ch427-n96-start-paper-10-44-02,5GB,6098772
Total Size,u-ch427-n96-start-paper-10-48-02,5GB,6100076
Total Size,u-ch427-n96-start-paper-105,0GB,8
Total Size,u-ch427-n96-start-paper-10-52-02,5GB,6101388
Total Size,u-ch427-n96-start-paper-10-56-02,5GB,6102660
Total Size,u-ch427-n96-start-paper-106,0GB,8
Total Size,u-ch427-n96-start-paper-10-60-02,5GB,6103952
Total Size,u-ch427-n96-start-paper-10-64-02,5GB,6105204
Total Size,u-ch427-n96-start-paper-10-68-02,5GB,6106464
Total Size,u-ch427-n96-start-paper-107,0GB,8
Total Size,u-ch427-n96-start-paper-10-72-02,5GB,6107744
Total Size,u-ch427-n96-start-paper-10-76-02,5GB,6109068
Total Size,u-ch427-n96-start-paper-108,0GB,8
Total Size,u-ch427-n96-start-paper-10-80-02,5GB,6110376
Total Size,u-ch427-n96-start-paper-10-84-02,5GB,6111676
Total Size,u-ch427-n96-start-paper-10-88-02,5GB,6112992
Total Size,u-ch427-n96-start-paper-109,0GB,8
Total Size,u-ch427-n96-start-paper-10-env,0GB,8
Total Size,u-ch427-n96-start-paper-10-no-xios,0GB,8
Total Size,u-ch427-n96-start-paper-10-no-xios2,0GB,8
Total Size,u-ch427-n96-start-paper-10of-10,0GB,8
Total Size,u-ch427-n96-start-paper-10of-100,0GB,8
Total Size,u-ch427-n96-start-paper-10of-110,0GB,8
Total Size,u-ch427-n96-start-paper-10of-120,0GB,8
Total Size,u-ch427-n96-start-paper-10of-20,0GB,8
Total Size,u-ch427-n96-start-paper-10of-30,0GB,8
Total Size,u-ch427-n96-start-paper-10of-40,0GB,8
Total Size,u-ch427-n96-start-paper-10of-50,0GB,8
Total Size,u-ch427-n96-start-paper-10of-60,0GB,8
Total Size,u-ch427-n96-start-paper-10of-70,0GB,8
Total Size,u-ch427-n96-start-paper-10of-80,0GB,8
Total Size,u-ch427-n96-start-paper-10of-90,0GB,8
Total Size,u-ch427-n96-start-paper-10of-v2-10,5GB,6084652
Total Size,u-ch427-n96-start-paper-10of-v2-100,5GB,6084652
Total Size,u-ch427-n96-start-paper-10of-v2-110,5GB,6084652
Total Size,u-ch427-n96-start-paper-10of-v2-120,5GB,6084652
Total Size,u-ch427-n96-start-paper-10of-v2-20,5GB,6084652
Total Size,u-ch427-n96-start-paper-10of-v2-30,5GB,6084652
Total Size,u-ch427-n96-start-paper-10of-v2-40,5GB,6084652
Total Size,u-ch427-n96-start-paper-10of-v2-50,5GB,6084652
Total Size,u-ch427-n96-start-paper-10of-v2-60,5GB,6084652
Total Size,u-ch427-n96-start-paper-10of-v2-70,5GB,6084652
Total Size,u-ch427-n96-start-paper-10of-v2-80,5GB,6084652
Total Size,u-ch427-n96-start-paper-10of-v2-80-2,5GB,6084652
Total Size,u-ch427-n96-start-paper-10of-v2-90,5GB,6084652
Total Size,u-ch427-n96-start-paper-11,0GB,8
Total Size,u-ch427-n96-start-paper-110,0GB,8
Total Size,u-ch427-n96-start-paper-110-286-02,0GB,8
Total Size,u-ch427-n96-start-paper-110-286-04,0GB,8
Total Size,u-ch427-n96-start-paper-110-566-16,0GB,8
Total Size,u-ch427-n96-start-paper-110-70-02,0GB,8
Total Size,u-ch427-n96-start-paper-111,0GB,8
Total Size,u-ch427-n96-start-paper-112,0GB,8
Total Size,u-ch427-n96-start-paper-113,0GB,8
Total Size,u-ch427-n96-start-paper-114,0GB,8
Total Size,u-ch427-n96-start-paper-115,0GB,8
Total Size,u-ch427-n96-start-paper-12,0GB,8
Total Size,u-ch427-n96-start-paper-120,0GB,8
Total Size,u-ch427-n96-start-paper-13,0GB,8
Total Size,u-ch427-n96-start-paper-14,0GB,8
Total Size,u-ch427-n96-start-paper-15,0GB,8
Total Size,u-ch427-n96-start-paper-16,0GB,8
Total Size,u-ch427-n96-start-paper-17,0GB,8
Total Size,u-ch427-n96-start-paper-18,0GB,8
Total Size,u-ch427-n96-start-paper-19,0GB,8
Total Size,u-ch427-n96-start-paper-20,0GB,8
Total Size,u-ch427-n96-start-paper2-01,0GB,8
Total Size,u-ch427-n96-start-paper2-02,0GB,8
Total Size,u-ch427-n96-start-paper2-03,0GB,8
Total Size,u-ch427-n96-start-paper2-04,0GB,8
Total Size,u-ch427-n96-start-paper2-05,0GB,8
Total Size,u-ch427-n96-start-paper2-06,0GB,8
Total Size,u-ch427-n96-start-paper2-07,0GB,8
Total Size,u-ch427-n96-start-paper2-08,0GB,8
Total Size,u-ch427-n96-start-paper2-09,0GB,8
Total Size,u-ch427-n96-start-paper-21,0GB,8
Total Size,u-ch427-n96-start-paper2-10,0GB,8
Total Size,u-ch427-n96-start-paper2-100,0GB,8
Total Size,u-ch427-n96-start-paper2-101,0GB,8
Total Size,u-ch427-n96-start-paper2-102,0GB,8
Total Size,u-ch427-n96-start-paper2-103,0GB,8
Total Size,u-ch427-n96-start-paper2-104,0GB,8
Total Size,u-ch427-n96-start-paper2-105,0GB,8
Total Size,u-ch427-n96-start-paper2-106,0GB,8
Total Size,u-ch427-n96-start-paper2-107,0GB,8
Total Size,u-ch427-n96-start-paper2-108,0GB,8
Total Size,u-ch427-n96-start-paper2-109,0GB,8
Total Size,u-ch427-n96-start-paper2-11,0GB,8
Total Size,u-ch427-n96-start-paper2-110,0GB,8
Total Size,u-ch427-n96-start-paper2-111,0GB,8
Total Size,u-ch427-n96-start-paper2-112,0GB,8
Total Size,u-ch427-n96-start-paper2-113,0GB,8
Total Size,u-ch427-n96-start-paper2-114,0GB,8
Total Size,u-ch427-n96-start-paper2-115,0GB,8
Total Size,u-ch427-n96-start-paper2-12,0GB,8
Total Size,u-ch427-n96-start-paper2-13,0GB,8
Total Size,u-ch427-n96-start-paper2-14,0GB,8
Total Size,u-ch427-n96-start-paper2-15,5GB,6086324
Total Size,u-ch427-n96-start-paper2-16,0GB,8
Total Size,u-ch427-n96-start-paper2-17,0GB,8
Total Size,u-ch427-n96-start-paper2-18,5GB,6086324
Total Size,u-ch427-n96-start-paper2-19,5GB,6086324
Total Size,u-ch427-n96-start-paper-22,0GB,8
Total Size,u-ch427-n96-start-paper2-20,5GB,6086324
Total Size,u-ch427-n96-start-paper2-21,5GB,6086324
Total Size,u-ch427-n96-start-paper2-22,5GB,6086324
Total Size,u-ch427-n96-start-paper2-23,5GB,6086324
Total Size,u-ch427-n96-start-paper2-24,5GB,6086324
Total Size,u-ch427-n96-start-paper2-25,5GB,6086324
Total Size,u-ch427-n96-start-paper2-26,5GB,6086324
Total Size,u-ch427-n96-start-paper2-27,5GB,6086324
Total Size,u-ch427-n96-start-paper2-28,5GB,6086324
Total Size,u-ch427-n96-start-paper2-29,5GB,6086324
Total Size,u-ch427-n96-start-paper-23,0GB,8
Total Size,u-ch427-n96-start-paper2-30,5GB,6086324
Total Size,u-ch427-n96-start-paper2-31,5GB,6086324
Total Size,u-ch427-n96-start-paper2-32,5GB,6086324
Total Size,u-ch427-n96-start-paper2-33,5GB,6086324
Total Size,u-ch427-n96-start-paper2-34,5GB,6086324
Total Size,u-ch427-n96-start-paper2-35,5GB,6086324
Total Size,u-ch427-n96-start-paper2-36,5GB,6086324
Total Size,u-ch427-n96-start-paper2-37,5GB,6086324
Total Size,u-ch427-n96-start-paper2-38,5GB,6086324
Total Size,u-ch427-n96-start-paper2-39,5GB,6086324
Total Size,u-ch427-n96-start-paper-24,0GB,8
Total Size,u-ch427-n96-start-paper2-40,5GB,6086324
Total Size,u-ch427-n96-start-paper2-41,5GB,6086324
Total Size,u-ch427-n96-start-paper2-42,5GB,6086324
Total Size,u-ch427-n96-start-paper2-43,5GB,6086324
Total Size,u-ch427-n96-start-paper2-44,5GB,6086324
Total Size,u-ch427-n96-start-paper2-45,5GB,6086324
Total Size,u-ch427-n96-start-paper2-46,0GB,8
Total Size,u-ch427-n96-start-paper2-47,0GB,8
Total Size,u-ch427-n96-start-paper2-48,0GB,8
Total Size,u-ch427-n96-start-paper2-49,0GB,8
Total Size,u-ch427-n96-start-paper-25,0GB,8
Total Size,u-ch427-n96-start-paper2-50,0GB,8
Total Size,u-ch427-n96-start-paper2-51,0GB,8
Total Size,u-ch427-n96-start-paper2-52,0GB,8
Total Size,u-ch427-n96-start-paper2-53,0GB,8
Total Size,u-ch427-n96-start-paper2-54,0GB,8
Total Size,u-ch427-n96-start-paper2-55,0GB,8
Total Size,u-ch427-n96-start-paper2-56,0GB,8
Total Size,u-ch427-n96-start-paper2-57,0GB,8
Total Size,u-ch427-n96-start-paper2-58,0GB,8
Total Size,u-ch427-n96-start-paper2-59,0GB,8
Total Size,u-ch427-n96-start-paper-26,0GB,8
Total Size,u-ch427-n96-start-paper2-60,0GB,8
Total Size,u-ch427-n96-start-paper2-61,0GB,8
Total Size,u-ch427-n96-start-paper2-62,0GB,8
Total Size,u-ch427-n96-start-paper2-63,0GB,8
Total Size,u-ch427-n96-start-paper2-64,0GB,8
Total Size,u-ch427-n96-start-paper2-65,0GB,8
Total Size,u-ch427-n96-start-paper2-66,0GB,8
Total Size,u-ch427-n96-start-paper2-67,0GB,8
Total Size,u-ch427-n96-start-paper2-68,0GB,8
Total Size,u-ch427-n96-start-paper2-69,0GB,8
Total Size,u-ch427-n96-start-paper-27,0GB,8
Total Size,u-ch427-n96-start-paper2-70,0GB,8
Total Size,u-ch427-n96-start-paper2-71,0GB,8
Total Size,u-ch427-n96-start-paper2-72,0GB,8
Total Size,u-ch427-n96-start-paper2-73,0GB,8
Total Size,u-ch427-n96-start-paper2-74,0GB,8
Total Size,u-ch427-n96-start-paper2-74-2,0GB,8
Total Size,u-ch427-n96-start-paper2-75,0GB,8
Total Size,u-ch427-n96-start-paper2-76,0GB,8
Total Size,u-ch427-n96-start-paper2-77,0GB,8
Total Size,u-ch427-n96-start-paper2-78,0GB,8
Total Size,u-ch427-n96-start-paper2-79,0GB,8
Total Size,u-ch427-n96-start-paper-28,0GB,8
Total Size,u-ch427-n96-start-paper2-80,0GB,8
Total Size,u-ch427-n96-start-paper2-81,0GB,8
Total Size,u-ch427-n96-start-paper2-82,0GB,8
Total Size,u-ch427-n96-start-paper2-83,0GB,8
Total Size,u-ch427-n96-start-paper2-84,0GB,8
Total Size,u-ch427-n96-start-paper2-85,0GB,8
Total Size,u-ch427-n96-start-paper2-86,0GB,8
Total Size,u-ch427-n96-start-paper2-87,0GB,8
Total Size,u-ch427-n96-start-paper2-88,0GB,8
Total Size,u-ch427-n96-start-paper2-89,0GB,8
Total Size,u-ch427-n96-start-paper-29,0GB,8
Total Size,u-ch427-n96-start-paper2-90,0GB,8
Total Size,u-ch427-n96-start-paper2-91,0GB,8
Total Size,u-ch427-n96-start-paper2-92,0GB,8
Total Size,u-ch427-n96-start-paper2-93,0GB,8
Total Size,u-ch427-n96-start-paper2-94,0GB,8
Total Size,u-ch427-n96-start-paper2-95,0GB,8
Total Size,u-ch427-n96-start-paper2-96,0GB,8
Total Size,u-ch427-n96-start-paper2-97,0GB,8
Total Size,u-ch427-n96-start-paper2-98,0GB,8
Total Size,u-ch427-n96-start-paper2-99,0GB,8
Total Size,u-ch427-n96-start-paper-30,0GB,8
Total Size,u-ch427-n96-start-paper-30-062-02,0GB,0
Total Size,u-ch427-n96-start-paper-30-062-04,0GB,8
Total Size,u-ch427-n96-start-paper-30-18-02,0GB,8
Total Size,u-ch427-n96-start-paper-40,0GB,8
Total Size,u-ch427-n96-start-paper-40-090-02,0GB,0
Total Size,u-ch427-n96-start-paper-40-090-04,0GB,0
Total Size,u-ch427-n96-start-paper-40-26-02,0GB,8
Total Size,u-ch427-n96-start-paper-50,0GB,8
Total Size,u-ch427-n96-start-paper-50-118-02,0GB,8
Total Size,u-ch427-n96-start-paper-50-118-04,0GB,0
Total Size,u-ch427-n96-start-paper-50-32-02,0GB,8
Total Size,u-ch427-n96-start-paper-60,0GB,8
Total Size,u-ch427-n96-start-paper-60-146-02,0GB,0
Total Size,u-ch427-n96-start-paper-60-146-04,0GB,8
Total Size,u-ch427-n96-start-paper-60-38-02,0GB,8
Total Size,u-ch427-n96-start-paper-70,0GB,8
Total Size,u-ch427-n96-start-paper-70-174-02,0GB,0
Total Size,u-ch427-n96-start-paper-70-174-04,0GB,0
Total Size,u-ch427-n96-start-paper-70-46-02,0GB,8
Total Size,u-ch427-n96-start-paper-80,0GB,8
Total Size,u-ch427-n96-start-paper-80-202-02,0GB,8
Total Size,u-ch427-n96-start-paper-80-202-04,0GB,8
Total Size,u-ch427-n96-start-paper-80-52-02,0GB,8
Total Size,u-ch427-n96-start-paper-85,0GB,8
Total Size,u-ch427-n96-start-paper-86,0GB,8
Total Size,u-ch427-n96-start-paper-87,0GB,8
Total Size,u-ch427-n96-start-paper-88,0GB,8
Total Size,u-ch427-n96-start-paper-89,0GB,8
Total Size,u-ch427-n96-start-paper-90,0GB,8
Total Size,u-ch427-n96-start-paper-90-230-02,0GB,0
Total Size,u-ch427-n96-start-paper-90-230-04,0GB,0
Total Size,u-ch427-n96-start-paper-90-58-02,0GB,8
Total Size,u-ch427-n96-start-paper-91,0GB,8
Total Size,u-ch427-n96-start-paper-92,0GB,8
Total Size,u-ch427-n96-start-paper-93,0GB,8
Total Size,u-ch427-n96-start-paper-94,0GB,8
Total Size,u-ch427-n96-start-paper-95,0GB,8
Total Size,u-ch427-n96-start-paper-96,0GB,8
Total Size,u-ch427-n96-start-paper-97,0GB,8
Total Size,u-ch427-n96-start-paper-97-io,0GB,8
Total Size,u-ch427-n96-start-paper-98,0GB,8
Total Size,u-ch427-n96-start-paper-99,0GB,8
Total Size,u-ch427-n96-start-paper-io-45,5GB,6089608
Total Size,u-ch427-n96-start-paper-io-46,5GB,6089608
Total Size,u-ch427-n96-start-paper-io-47,5GB,6089608
Total Size,u-ch427-n96-start-paper-io-48,5GB,6089612
Total Size,u-ch427-n96-start-paper-io-49,5GB,6089612
Total Size,u-ch427-n96-start-paper-io-50,5GB,6089612
Total Size,u-ch427-n96-start-paper-io-51,5GB,6089612
Total Size,u-ch427-n96-start-paper-io-52,5GB,6089612
Total Size,u-ch427-n96-start-paper-io-53,5GB,6089608
Total Size,u-ch427-n96-start-paper-io-54,5GB,6089612
Total Size,u-ch427-n96-start-paper-io-55,5GB,6089612
Total Size,u-ch427-n96-start-paper-io-56,5GB,6089612
Total Size,u-ch427-n96-start-paper-io-57,5GB,6089612
Total Size,u-ch427-n96-start-paper-io-58,5GB,6089612
Total Size,u-ch427-n96-start-paper-io-59,5GB,6089612
Total Size,u-ch427-n96-start-paper-io-60,5GB,6089612
Total Size,u-ch427-n96-start-paper-io-61,5GB,6089612
Total Size,u-ch427-n96-start-paper-io-62,5GB,6089604
Total Size,u-ch427-n96-start-paper-io-63,5GB,6089612
Total Size,u-ch427-n96-start-paper-io-64,5GB,6089608
Total Size,u-ch427-n96-start-paper-io-65,5GB,6089612
Total Size,u-ch427-n96-start-paper-io-66,5GB,6089612
Total Size,u-ch427-n96-start-paper-io-67,5GB,6089612
Total Size,u-ch427-n96-start-paper-io-68,5GB,6089612
Total Size,u-ch427-n96-start-paper-io-69,5GB,6089612
Total Size,u-ch427-n96-start-paper-io-70,5GB,6089612
Total Size,u-ch427-n96-start-paper-io-71,5GB,6089612
Total Size,u-ch427-n96-start-paper-io-72,5GB,6089612
Total Size,u-ch427-n96-start-paper-io-73,5GB,6089608
Total Size,u-ch427-n96-start-paper-io-74,5GB,6089612
Total Size,u-ch427-n96-start-paper-io-75,5GB,6089612
Total Size,u-ch427-n96-start-paper-io-76,5GB,6089612
Total Size,u-ch427-n96-start-paper-io-77,5GB,6089612
Total Size,u-ch427-n96-start-paper-io-78,5GB,6089612
Total Size,u-ch427-n96-start-paper-io-79,5GB,6089612
Total Size,u-ch427-n96-start-paper-io-80,5GB,6089612
Total Size,u-ch427-n96-start-paper-io-81,5GB,6089612
Total Size,u-ch427-n96-start-paper-io-82,5GB,6089612
Total Size,u-ch427-n96-start-paper-io-83,5GB,6089612
Total Size,u-ch427-n96-start-paper-io-84,5GB,6089612
Total Size,u-ch427-n96-start-paper-io-85,5GB,6089612
Total Size,u-ch427-n96-start-paper-io-of-45,5GB,6084652
Total Size,u-ch427-n96-start-paper-io-of-46,5GB,6084652
Total Size,u-ch427-n96-start-paper-io-of-47,5GB,6084652
Total Size,u-ch427-n96-start-paper-io-of-48,5GB,6084652
Total Size,u-ch427-n96-start-paper-io-of-49,5GB,6084652
Total Size,u-ch427-n96-start-paper-io-of-50,5GB,6084652
Total Size,u-ch427-n96-start-paper-io-of-51,5GB,6084652
Total Size,u-ch427-n96-start-paper-io-of-52,5GB,6084652
Total Size,u-ch427-n96-start-paper-io-of-53,5GB,6084652
Total Size,u-ch427-n96-start-paper-io-of-54,5GB,6084652
Total Size,u-ch427-n96-start-paper-io-of-55,5GB,6084652
Total Size,u-ch427-n96-start-paper-io-of-56,5GB,6084652
Total Size,u-ch427-n96-start-paper-io-of-57,5GB,6084652
Total Size,u-ch427-n96-start-paper-io-of-58,5GB,6084652
Total Size,u-ch427-n96-start-paper-io-of-59,5GB,6084652
Total Size,u-ch427-n96-start-paper-io-of-60,5GB,6084652
Total Size,u-ch427-n96-start-paper-io-of-61,5GB,6084652
Total Size,u-ch427-n96-start-paper-io-of-62,5GB,6084652
Total Size,u-ch427-n96-start-paper-io-of-63,5GB,6084652
Total Size,u-ch427-n96-start-paper-io-of-64,5GB,6084652
Total Size,u-ch427-n96-start-paper-io-of-65,5GB,6084652
Total Size,u-ch427-n96-start-paper-io-of-66,5GB,6084652
Total Size,u-ch427-n96-start-paper-io-of-67,5GB,6084652
Total Size,u-ch427-n96-start-paper-io-of-68,5GB,6084652
Total Size,u-ch427-n96-start-paper-io-of-69,5GB,6084652
Total Size,u-ch427-n96-start-paper-io-of-70,5GB,6084652
Total Size,u-ch427-n96-start-paper-io-of-71,5GB,6084652
Total Size,u-ch427-n96-start-paper-io-of-72,5GB,6084652
Total Size,u-ch427-n96-start-paper-io-of-73,5GB,6084652
Total Size,u-ch427-n96-start-paper-io-of-74,5GB,6084652
Total Size,u-ch427-n96-start-paper-io-of-75,5GB,6084652
Total Size,u-ch427-n96-start-paper-io-of-76,5GB,6084652
Total Size,u-ch427-n96-start-paper-io-of-77,5GB,6084652
Total Size,u-ch427-n96-start-paper-io-of-78,5GB,6084652
Total Size,u-ch427-n96-start-paper-io-of-79,5GB,6084652
Total Size,u-ch427-n96-start-paper-io-of-80,5GB,6084652
Total Size,u-ch427-n96-start-paper-io-of-81,5GB,6084652
Total Size,u-ch427-n96-start-paper-io-of-82,5GB,6084652
Total Size,u-ch427-n96-start-paper-io-of-83,5GB,6084652
Total Size,u-ch427-n96-start-paper-io-of-84,5GB,6084652
Total Size,u-ch427-n96-start-paper-io-of-85,5GB,6084652
Total Size,u-ch427-n96-start-paper-mpi-01,0GB,8
Total Size,u-ch427-n96-start-paper-mpi-02,0GB,8
Total Size,u-ch427-n96-start-paper-mpi-03,0GB,8
Total Size,u-ch427-n96-start-paper-mpi-04,0GB,8
Total Size,u-ch427-n96-start-paper-mpi-05,0GB,8
Total Size,u-ch427-n96-start-paper-mpi-06,0GB,8
Total Size,u-ch427-n96-start-paper-mpi-07,0GB,8
Total Size,u-ch427-n96-start-paper-mpi-08,0GB,8
Total Size,u-ch427-n96-start-paper-mpi-09,0GB,8
Total Size,u-ch427-n96-start-paper-mpi-10,0GB,8
Total Size,u-ch427-n96-start-paper-mpi-100,0GB,8
Total Size,u-ch427-n96-start-paper-mpi-101,0GB,8
Total Size,u-ch427-n96-start-paper-mpi-102,0GB,8
Total Size,u-ch427-n96-start-paper-mpi-103,0GB,8
Total Size,u-ch427-n96-start-paper-mpi-104,0GB,8
Total Size,u-ch427-n96-start-paper-mpi-105,0GB,8
Total Size,u-ch427-n96-start-paper-mpi-106,0GB,8
Total Size,u-ch427-n96-start-paper-mpi-107,0GB,8
Total Size,u-ch427-n96-start-paper-mpi-108,0GB,8
Total Size,u-ch427-n96-start-paper-mpi-109,0GB,8
Total Size,u-ch427-n96-start-paper-mpi-11,0GB,8
Total Size,u-ch427-n96-start-paper-mpi-110,0GB,8
Total Size,u-ch427-n96-start-paper-mpi-111,0GB,8
Total Size,u-ch427-n96-start-paper-mpi-112,0GB,8
Total Size,u-ch427-n96-start-paper-mpi-113,0GB,8
Total Size,u-ch427-n96-start-paper-mpi-114,0GB,8
Total Size,u-ch427-n96-start-paper-mpi-115,0GB,8
Total Size,u-ch427-n96-start-paper-mpi-116,0GB,8
Total Size,u-ch427-n96-start-paper-mpi-117,0GB,8
Total Size,u-ch427-n96-start-paper-mpi-118,0GB,8
Total Size,u-ch427-n96-start-paper-mpi-119,0GB,8
Total Size,u-ch427-n96-start-paper-mpi-12,0GB,8
Total Size,u-ch427-n96-start-paper-mpi-120,0GB,8
Total Size,u-ch427-n96-start-paper-mpi-13,0GB,8
Total Size,u-ch427-n96-start-paper-mpi-14,0GB,8
Total Size,u-ch427-n96-start-paper-mpi-15,0GB,8
Total Size,u-ch427-n96-start-paper-mpi-16,0GB,8
Total Size,u-ch427-n96-start-paper-mpi-17,0GB,8
Total Size,u-ch427-n96-start-paper-mpi-18,0GB,8
Total Size,u-ch427-n96-start-paper-mpi-19,0GB,8
Total Size,u-ch427-n96-start-paper-mpi-20,0GB,8
Total Size,u-ch427-n96-start-paper-mpi-21,0GB,8
Total Size,u-ch427-n96-start-paper-mpi-22,0GB,8
Total Size,u-ch427-n96-start-paper-mpi-23,0GB,8
Total Size,u-ch427-n96-start-paper-mpi-24,0GB,8
Total Size,u-ch427-n96-start-paper-mpi-25,0GB,8
Total Size,u-ch427-n96-start-paper-mpi-26,0GB,8
Total Size,u-ch427-n96-start-paper-mpi-27,0GB,8
Total Size,u-ch427-n96-start-paper-mpi-28,0GB,8
Total Size,u-ch427-n96-start-paper-mpi-29,0GB,8
Total Size,u-ch427-n96-start-paper-mpi-30,0GB,8
Total Size,u-ch427-n96-start-paper-mpi-31,0GB,8
Total Size,u-ch427-n96-start-paper-mpi-32,0GB,8
Total Size,u-ch427-n96-start-paper-mpi-33,0GB,8
Total Size,u-ch427-n96-start-paper-mpi-34,0GB,8
Total Size,u-ch427-n96-start-paper-mpi-35,0GB,8
Total Size,u-ch427-n96-start-paper-mpi-36,0GB,8
Total Size,u-ch427-n96-start-paper-mpi-37,0GB,8
Total Size,u-ch427-n96-start-paper-mpi-38,0GB,8
Total Size,u-ch427-n96-start-paper-mpi-39,0GB,8
Total Size,u-ch427-n96-start-paper-mpi-40,0GB,8
Total Size,u-ch427-n96-start-paper-mpi-41,0GB,8
Total Size,u-ch427-n96-start-paper-mpi-42,0GB,8
Total Size,u-ch427-n96-start-paper-mpi-43,0GB,8
Total Size,u-ch427-n96-start-paper-mpi-44,0GB,8
Total Size,u-ch427-n96-start-paper-mpi-45,0GB,8
Total Size,u-ch427-n96-start-paper-mpi-46,0GB,8
Total Size,u-ch427-n96-start-paper-mpi-47,0GB,8
Total Size,u-ch427-n96-start-paper-mpi-48,0GB,8
Total Size,u-ch427-n96-start-paper-mpi-49,0GB,8
Total Size,u-ch427-n96-start-paper-mpi-50,0GB,8
Total Size,u-ch427-n96-start-paper-mpi-51,0GB,8
Total Size,u-ch427-n96-start-paper-mpi-52,0GB,8
Total Size,u-ch427-n96-start-paper-mpi-53,0GB,8
Total Size,u-ch427-n96-start-paper-mpi-54,0GB,8
Total Size,u-ch427-n96-start-paper-mpi-55,0GB,8
Total Size,u-ch427-n96-start-paper-mpi-56,0GB,8
Total Size,u-ch427-n96-start-paper-mpi-57,0GB,8
Total Size,u-ch427-n96-start-paper-mpi-58,0GB,8
Total Size,u-ch427-n96-start-paper-mpi-59,0GB,8
Total Size,u-ch427-n96-start-paper-mpi-60,0GB,8
Total Size,u-ch427-n96-start-paper-mpi-61,0GB,8
Total Size,u-ch427-n96-start-paper-mpi-62,0GB,8
Total Size,u-ch427-n96-start-paper-mpi-63,0GB,8
Total Size,u-ch427-n96-start-paper-mpi-64,0GB,8
Total Size,u-ch427-n96-start-paper-mpi-65,0GB,8
Total Size,u-ch427-n96-start-paper-mpi-66,0GB,8
Total Size,u-ch427-n96-start-paper-mpi-67,0GB,8
Total Size,u-ch427-n96-start-paper-mpi-68,0GB,8
Total Size,u-ch427-n96-start-paper-mpi-69,0GB,8
Total Size,u-ch427-n96-start-paper-mpi-70,0GB,8
Total Size,u-ch427-n96-start-paper-mpi-71,0GB,8
Total Size,u-ch427-n96-start-paper-mpi-72,0GB,8
Total Size,u-ch427-n96-start-paper-mpi-73,0GB,8
Total Size,u-ch427-n96-start-paper-mpi-74,0GB,8
Total Size,u-ch427-n96-start-paper-mpi-75,0GB,8
Total Size,u-ch427-n96-start-paper-mpi-76,0GB,8
Total Size,u-ch427-n96-start-paper-mpi-77,0GB,8
Total Size,u-ch427-n96-start-paper-mpi-78,0GB,8
Total Size,u-ch427-n96-start-paper-mpi-79,0GB,8
Total Size,u-ch427-n96-start-paper-mpi-80,0GB,8
Total Size,u-ch427-n96-start-paper-mpi-81,0GB,8
Total Size,u-ch427-n96-start-paper-mpi-82,0GB,8
Total Size,u-ch427-n96-start-paper-mpi-83,0GB,8
Total Size,u-ch427-n96-start-paper-mpi-84,0GB,8
Total Size,u-ch427-n96-start-paper-mpi-85,0GB,8
Total Size,u-ch427-n96-start-paper-mpi-86,0GB,8
Total Size,u-ch427-n96-start-paper-mpi-87,0GB,8
Total Size,u-ch427-n96-start-paper-mpi-88,0GB,8
Total Size,u-ch427-n96-start-paper-mpi-89,0GB,8
Total Size,u-ch427-n96-start-paper-mpi-90,0GB,8
Total Size,u-ch427-n96-start-paper-mpi-91,0GB,8
Total Size,u-ch427-n96-start-paper-mpi-92,0GB,8
Total Size,u-ch427-n96-start-paper-mpi-93,0GB,8
Total Size,u-ch427-n96-start-paper-mpi-94,0GB,8
Total Size,u-ch427-n96-start-paper-mpi-95,0GB,8
Total Size,u-ch427-n96-start-paper-mpi-96,0GB,8
Total Size,u-ch427-n96-start-paper-mpi-97,0GB,8
Total Size,u-ch427-n96-start-paper-mpi-98,0GB,8
Total Size,u-ch427-n96-start-paper-mpi-99,0GB,8
Total Size,u-ch427-n96-start-paper-mpi-io-01,5GB,6086324
Total Size,u-ch427-n96-start-paper-mpi-io-02,5GB,6086324
Total Size,u-ch427-n96-start-paper-mpi-io-03,5GB,6086324
Total Size,u-ch427-n96-start-paper-mpi-io-04,5GB,6086324
Total Size,u-ch427-n96-start-paper-mpi-io-05,5GB,6086324
Total Size,u-ch427-n96-start-paper-mpi-io-06,5GB,6086324
Total Size,u-ch427-n96-start-paper-mpi-io-07,5GB,6086324
Total Size,u-ch427-n96-start-paper-mpi-io-08,5GB,6086324
Total Size,u-ch427-n96-start-paper-mpi-io-09,5GB,6086324
Total Size,u-ch427-n96-start-paper-mpi-io-10,5GB,6086324
Total Size,u-ch427-n96-start-paper-mpi-io-100,5GB,6131440
Total Size,u-ch427-n96-start-paper-mpi-io-101,5GB,6131464
Total Size,u-ch427-n96-start-paper-mpi-io-102,5GB,6131440
Total Size,u-ch427-n96-start-paper-mpi-io-103,5GB,6131516
Total Size,u-ch427-n96-start-paper-mpi-io-104,5GB,6131432
Total Size,u-ch427-n96-start-paper-mpi-io-105,5GB,6131468
Total Size,u-ch427-n96-start-paper-mpi-io-106,5GB,6131456
Total Size,u-ch427-n96-start-paper-mpi-io-107,5GB,6131448
Total Size,u-ch427-n96-start-paper-mpi-io-108,5GB,6131460
Total Size,u-ch427-n96-start-paper-mpi-io-109,5GB,6131444
Total Size,u-ch427-n96-start-paper-mpi-io-11,5GB,6095472
Total Size,u-ch427-n96-start-paper-mpi-io-110,5GB,6131432
Total Size,u-ch427-n96-start-paper-mpi-io-111,5GB,6131464
Total Size,u-ch427-n96-start-paper-mpi-io-112,5GB,6131476
Total Size,u-ch427-n96-start-paper-mpi-io-113,5GB,6131432
Total Size,u-ch427-n96-start-paper-mpi-io-114,5GB,6131452
Total Size,u-ch427-n96-start-paper-mpi-io-115,5GB,6131428
Total Size,u-ch427-n96-start-paper-mpi-io-116,5GB,6131440
Total Size,u-ch427-n96-start-paper-mpi-io-117,5GB,6131436
Total Size,u-ch427-n96-start-paper-mpi-io-118,5GB,6131436
Total Size,u-ch427-n96-start-paper-mpi-io-119,5GB,6131412
Total Size,u-ch427-n96-start-paper-mpi-io-12,5GB,6095488
Total Size,u-ch427-n96-start-paper-mpi-io-120,5GB,6131436
Total Size,u-ch427-n96-start-paper-mpi-io-13,5GB,6095484
Total Size,u-ch427-n96-start-paper-mpi-io-14,5GB,6095464
Total Size,u-ch427-n96-start-paper-mpi-io-15,5GB,6095468
Total Size,u-ch427-n96-start-paper-mpi-io-16,5GB,6095456
Total Size,u-ch427-n96-start-paper-mpi-io-17,5GB,6095468
Total Size,u-ch427-n96-start-paper-mpi-io-18,5GB,6095460
Total Size,u-ch427-n96-start-paper-mpi-io-19,5GB,6095480
Total Size,u-ch427-n96-start-paper-mpi-io-20,5GB,6095480
Total Size,u-ch427-n96-start-paper-mpi-io-21,5GB,6104544
Total Size,u-ch427-n96-start-paper-mpi-io-22,5GB,6104560
Total Size,u-ch427-n96-start-paper-mpi-io-23,5GB,6104556
Total Size,u-ch427-n96-start-paper-mpi-io-24,5GB,6104548
Total Size,u-ch427-n96-start-paper-mpi-io-25,5GB,6104524
Total Size,u-ch427-n96-start-paper-mpi-io-26,5GB,6104536
Total Size,u-ch427-n96-start-paper-mpi-io-27,5GB,6104576
Total Size,u-ch427-n96-start-paper-mpi-io-28,5GB,6104528
Total Size,u-ch427-n96-start-paper-mpi-io-29,5GB,6104536
Total Size,u-ch427-n96-start-paper-mpi-io-30,5GB,6104544
Total Size,u-ch427-n96-start-paper-mpi-io-31,5GB,6113640
Total Size,u-ch427-n96-start-paper-mpi-io-32,5GB,6113608
Total Size,u-ch427-n96-start-paper-mpi-io-33,5GB,6113612
Total Size,u-ch427-n96-start-paper-mpi-io-34,5GB,6113648
Total Size,u-ch427-n96-start-paper-mpi-io-35,5GB,6113640
Total Size,u-ch427-n96-start-paper-mpi-io-36,5GB,6113636
Total Size,u-ch427-n96-start-paper-mpi-io-37,5GB,6113644
Total Size,u-ch427-n96-start-paper-mpi-io-38,5GB,6113636
Total Size,u-ch427-n96-start-paper-mpi-io-39,5GB,6113636
Total Size,u-ch427-n96-start-paper-mpi-io-40,5GB,6113616
Total Size,u-ch427-n96-start-paper-mpi-io-41,5GB,6122800
Total Size,u-ch427-n96-start-paper-mpi-io-42,5GB,6122808
Total Size,u-ch427-n96-start-paper-mpi-io-43,5GB,6122836
Total Size,u-ch427-n96-start-paper-mpi-io-44,5GB,6122808
Total Size,u-ch427-n96-start-paper-mpi-io-45,5GB,6122820
Total Size,u-ch427-n96-start-paper-mpi-io-46,5GB,6122836
Total Size,u-ch427-n96-start-paper-mpi-io-47,5GB,6122836
Total Size,u-ch427-n96-start-paper-mpi-io-48,5GB,6122840
Total Size,u-ch427-n96-start-paper-mpi-io-49,5GB,6122812
Total Size,u-ch427-n96-start-paper-mpi-io-50,5GB,6122796
Total Size,u-ch427-n96-start-paper-mpi-io-51,5GB,6131428
Total Size,u-ch427-n96-start-paper-mpi-io-53,5GB,6131468
Total Size,u-ch427-n96-start-paper-mpi-io-54,5GB,6131456
Total Size,u-ch427-n96-start-paper-mpi-io-55,5GB,6131452
Total Size,u-ch427-n96-start-paper-mpi-io-56,5GB,6131436
Total Size,u-ch427-n96-start-paper-mpi-io-57,5GB,6131472
Total Size,u-ch427-n96-start-paper-mpi-io-58,5GB,6131432
Total Size,u-ch427-n96-start-paper-mpi-io-59,5GB,6131464
Total Size,u-ch427-n96-start-paper-mpi-io-60,5GB,6131448
Total Size,u-ch427-n96-start-paper-mpi-io-61,5GB,6131440
Total Size,u-ch427-n96-start-paper-mpi-io-62,5GB,6131452
Total Size,u-ch427-n96-start-paper-mpi-io-63,5GB,6131444
Total Size,u-ch427-n96-start-paper-mpi-io-64,5GB,6131456
Total Size,u-ch427-n96-start-paper-mpi-io-65,5GB,6131424
Total Size,u-ch427-n96-start-paper-mpi-io-66,5GB,6131440
Total Size,u-ch427-n96-start-paper-mpi-io-67,5GB,6131428
Total Size,u-ch427-n96-start-paper-mpi-io-68,5GB,6131444
Total Size,u-ch427-n96-start-paper-mpi-io-69,5GB,6131436
Total Size,u-ch427-n96-start-paper-mpi-io-70,5GB,6131476
Total Size,u-ch427-n96-start-paper-mpi-io-71,5GB,6131472
Total Size,u-ch427-n96-start-paper-mpi-io-72,5GB,6131448
Total Size,u-ch427-n96-start-paper-mpi-io-73,5GB,6131452
Total Size,u-ch427-n96-start-paper-mpi-io-74,5GB,6131484
Total Size,u-ch427-n96-start-paper-mpi-io-75,5GB,6131416
Total Size,u-ch427-n96-start-paper-mpi-io-76,5GB,6131436
Total Size,u-ch427-n96-start-paper-mpi-io-77,5GB,6131484
Total Size,u-ch427-n96-start-paper-mpi-io-78,5GB,6131448
Total Size,u-ch427-n96-start-paper-mpi-io-79,5GB,6131420
Total Size,u-ch427-n96-start-paper-mpi-io-80,5GB,6131468
Total Size,u-ch427-n96-start-paper-mpi-io-81,5GB,6131484
Total Size,u-ch427-n96-start-paper-mpi-io-82,5GB,6131428
Total Size,u-ch427-n96-start-paper-mpi-io-83,5GB,6131428
Total Size,u-ch427-n96-start-paper-mpi-io-84,5GB,6131416
Total Size,u-ch427-n96-start-paper-mpi-io-85,5GB,6131444
Total Size,u-ch427-n96-start-paper-mpi-io-86,5GB,6131420
Total Size,u-ch427-n96-start-paper-mpi-io-87,5GB,6131460
Total Size,u-ch427-n96-start-paper-mpi-io-88,5GB,6131424
Total Size,u-ch427-n96-start-paper-mpi-io-89,5GB,6131400
Total Size,u-ch427-n96-start-paper-mpi-io-90,5GB,6131460
Total Size,u-ch427-n96-start-paper-mpi-io-91,5GB,6131460
Total Size,u-ch427-n96-start-paper-mpi-io-92,5GB,6131452
Total Size,u-ch427-n96-start-paper-mpi-io-93,5GB,6131444
Total Size,u-ch427-n96-start-paper-mpi-io-94,5GB,6131472
Total Size,u-ch427-n96-start-paper-mpi-io-95,5GB,6131456
Total Size,u-ch427-n96-start-paper-mpi-io-96,5GB,6131460
Total Size,u-ch427-n96-start-paper-mpi-io-97,5GB,6131440
Total Size,u-ch427-n96-start-paper-mpi-io-98,5GB,6131440
Total Size,u-ch427-n96-start-paper-mpi-io-99,5GB,6131436
Total Size,u-ch427-n96-start-paper-ms-00,0GB,8
Total Size,u-ch427-n96-start-paper-ms-x0-prec-00,0GB,8
Total Size,u-ch427-n96-start-paper-ms-x0-prec-01,0GB,8
Total Size,u-ch427-n96-start-paper-ms-x0-prec-02,0GB,8
Total Size,u-ch427-n96-start-paper-ms-x0-prec-03,0GB,8
Total Size,u-ch427-n96-start-paper-ms-x0-prec-04,0GB,8
Total Size,u-ch427-n96-start-paper-ms-x0-prec-05,0GB,8
Total Size,u-ch427-n96-start-paper-ms-x0-prec-06,0GB,8
Total Size,u-ch427-n96-start-paper-ms-x0-prec-07,0GB,8
Total Size,u-ch427-n96-start-paper-ms-x0-prec-08,0GB,8
Total Size,u-ch427-n96-start-paper-ms-x0-prec-09,0GB,8
Total Size,u-ch427-n96-start-paper-ms-x0-prec-10,0GB,8
Total Size,u-ch427-n96-start-paper-ms-x0-prec-100,0GB,8
Total Size,u-ch427-n96-start-paper-ms-x0-prec-100-active,0GB,8
Total Size,u-ch427-n96-start-paper-ms-x0-prec-100-active-all,0GB,8
Total Size,u-ch427-n96-start-paper-ms-x0-prec-110,0GB,8
Total Size,u-ch427-n96-start-paper-ms-x0-prec-120,0GB,8
Total Size,u-ch427-n96-start-paper-ms-x0-prec-20,0GB,8
Total Size,u-ch427-n96-start-paper-ms-x0-prec-30,0GB,8
Total Size,u-ch427-n96-start-paper-ms-x0-prec-40,0GB,8
Total Size,u-ch427-n96-start-paper-ms-x0-prec-50,0GB,8
Total Size,u-ch427-n96-start-paper-ms-x0-prec-60,0GB,8
Total Size,u-ch427-n96-start-paper-ms-x0-prec-70,0GB,8
Total Size,u-ch427-n96-start-paper-ms-x0-prec-80,0GB,8
Total Size,u-ch427-n96-start-paper-ms-x0-prec-90,0GB,8
Total Size,u-ch427-n96-start-paper-no-xios,0GB,8
Total Size,u-ch427-n96-start-paper-no-xios2,0GB,8
Total Size,u-ch427-n96-start-paper-prec-00,0GB,8
Total Size,u-ch427-n96-start-paper-x0-00,0GB,8
Total Size,u-ch427-n96-start-paper-x0-01,0GB,8
Total Size,u-ch427-n96-start-paper-x0-02,0GB,8
Total Size,u-ch427-n96-start-paper-x0-03,0GB,8
Total Size,u-ch427-n96-start-paper-x0-04,0GB,8
Total Size,u-ch427-n96-start-paper-x0-05,0GB,8
Total Size,u-ch427-n96-start-paper-x0-06,0GB,8
Total Size,u-ch427-n96-start-paper-x0-07,0GB,8
Total Size,u-ch427-n96-start-paper-x0-08,0GB,8
Total Size,u-ch427-n96-start-paper-x0-09,0GB,8
Total Size,u-ch427-n96-start-paper-x0-10,0GB,8
Total Size,u-ch427-n96-start-paper-x0-100,0GB,8
Total Size,u-ch427-n96-start-paper-x0-110,0GB,8
Total Size,u-ch427-n96-start-paper-x0-120,0GB,8
Total Size,u-ch427-n96-start-paper-x0-20,0GB,8
Total Size,u-ch427-n96-start-paper-x0-30,0GB,8
Total Size,u-ch427-n96-start-paper-x0-40,0GB,8
Total Size,u-ch427-n96-start-paper-x0-50,0GB,8
Total Size,u-ch427-n96-start-paper-x0-60,0GB,8
Total Size,u-ch427-n96-start-paper-x0-70,0GB,8
Total Size,u-ch427-n96-start-paper-x0-80,0GB,8
Total Size,u-ch427-n96-start-paper-x0-90,0GB,8
Total Size,u-ch427-n96-start-paper-x0-97,0GB,8
Total Size,u-ch427-n96-start-paper-x0-97-2,0GB,8
Total Size,u-ch427-n96-start-paper-x0-97-io,0GB,8
Total Size,u-ch427-n96-start-paper-x0-98,0GB,8
Total Size,u-ch427-n96-start-paper-x0-98-2,0GB,8
Total Size,u-ch427-n96-start-paper-x0-99,0GB,8
Total Size,u-ch427-n96-start-paper-x0-prec-00,0GB,8
Total Size,u-ch427-n96-template-start-paper-01-mpi-server,0GB,8
Total Size,u-ch427-n96-template-start-paper-01-mpi-server2,0GB,8
Total Size,u-ch427-n96-xml-data,0GB,8692
Total Size,u-ch427-n96-xml-data_1,0GB,103728
Total Size,u-ch427-n96-xml-temp,0GB,1784
Total Size,u-ch427-n96-xml-temp2,0GB,2652
Total Size,u-ch427-n96-xml-temp20,0GB,484
Total Size,u-ch427-n96-xml-temp2-01,0GB,4388
Total Size,u-ch427-n96-xml-temp2-02,0GB,2256
Total Size,u-ch427-n96-xml-temp2-02-2,0GB,13216
Total Size,u-ch427-n96-xml-temp2-03,0GB,8
Total Size,u-ch427-n96-xml-temp2-04,0GB,8
Total Size,u-ch427-n96-xml-temp2-05,0GB,8
Total Size,u-ch427-n96-xml-temp21,0GB,596
Total Size,u-ch427-n96-xml-temp22,0GB,8
Total Size,u-ch427-n96-xml-temp23,0GB,8
Total Size,u-ch427-n96-xml-temp24,0GB,488
Total Size,u-ch427-n96-xml-temp25,0GB,1604
Total Size,u-ch427-n96-xml-temp26,0GB,8
Total Size,u-ch427-n96-xml-temp27,0GB,1604
Total Size,u-ch427-n96-xml-temp28,0GB,8
Total Size,u-ch427-n96-xml-temp29,0GB,1604
Total Size,u-ch427-n96-xml-temp4,0GB,1780
Total Size,u-ch427-n96-xml-temp40,0GB,9312
Total Size,u-ch427-n96-xml-temp5,0GB,6108
Total Size,u-ch427-n96-xml-temp6,0GB,1780
Total Size,u-ch427-n96-xml-temp7,0GB,9584
Total Size,u-ch427-n96-xml-temp8,0GB,12180
Total Size,u-ch427-n96-xml-temp9,0GB,23488
